"Country or Area","Element","Year","Unit","Value","Value Footnotes"
"Algeria","Area harvested","2018","ha","150.00","Im"
"Algeria","Area harvested","2017","ha","155.00","Im"
"Algeria","Area harvested","2016","ha","156.00","Im"
"Algeria","Area harvested","2015","ha","169.00","Im"
"Algeria","Area harvested","2014","ha","180.00","F"
"Algeria","Area harvested","2013","ha","180.00","F"
"Algeria","Area harvested","2012","ha","180.00","F"
"Algeria","Area harvested","2011","ha","199.00","Im"
"Algeria","Area harvested","2010","ha","203.00","Im"
"Algeria","Yield","2018","hg/ha","20871.00","Fc"
"Algeria","Yield","2017","hg/ha","20179.00","Fc"
"Algeria","Yield","2016","hg/ha","19483.00","Fc"
"Algeria","Yield","2015","hg/ha","18281.00","Fc"
"Algeria","Yield","2014","hg/ha","17778.00","Fc"
"Algeria","Yield","2013","hg/ha","17778.00","Fc"
"Algeria","Yield","2012","hg/ha","16667.00","Fc"
"Algeria","Yield","2011","hg/ha","16089.00","Fc"
"Algeria","Yield","2010","hg/ha","15320.00","Fc"
"Algeria","Production","2018","tonnes","313.00","Im"
"Algeria","Production","2017","tonnes","313.00","Im"
"Algeria","Production","2016","tonnes","304.00","Im"
"Algeria","Production","2015","tonnes","308.00","Im"
"Algeria","Production","2014","tonnes","320.00","F"
"Algeria","Production","2013","tonnes","320.00","F"
"Algeria","Production","2012","tonnes","300.00","F"
"Algeria","Production","2011","tonnes","320.00","Im"
"Algeria","Production","2010","tonnes","312.00","Im"
"Angola","Area harvested","2018","ha","78661.00","Im"
"Angola","Area harvested","2017","ha","65818.00","Im"
"Angola","Area harvested","2016","ha","75663.00","Im"
"Angola","Area harvested","2015","ha","30079.00",""
"Angola","Area harvested","2014","ha","30068.00",""
"Angola","Area harvested","2013","ha","29510.00",""
"Angola","Area harvested","2012","ha","27902.00",""
"Angola","Area harvested","2011","ha","26038.00",""
"Angola","Area harvested","2010","ha","23905.00",""
"Angola","Yield","2018","hg/ha","7175.00","Fc"
"Angola","Yield","2017","hg/ha","9572.00","Fc"
"Angola","Yield","2016","hg/ha","8062.00","Fc"
"Angola","Yield","2015","hg/ha","15068.00","Fc"
"Angola","Yield","2014","hg/ha","14064.00","Fc"
"Angola","Yield","2013","hg/ha","12744.00","Fc"
"Angola","Yield","2012","hg/ha","7703.00","Fc"
"Angola","Yield","2011","hg/ha","8914.00","Fc"
"Angola","Yield","2010","hg/ha","7403.00","Fc"
"Angola","Production","2018","tonnes","56441.00","Im"
"Angola","Production","2017","tonnes","63000.00",""
"Angola","Production","2016","tonnes","61000.00",""
"Angola","Production","2015","tonnes","45322.00",""
"Angola","Production","2014","tonnes","42288.00",""
"Angola","Production","2013","tonnes","37608.00",""
"Angola","Production","2012","tonnes","21492.00",""
"Angola","Production","2011","tonnes","23209.00",""
"Angola","Production","2010","tonnes","17697.00",""
"Benin","Area harvested","2018","ha","135185.00",""
"Benin","Area harvested","2017","ha","78969.00",""
"Benin","Area harvested","2016","ha","82351.00",""
"Benin","Area harvested","2015","ha","65305.00",""
"Benin","Area harvested","2014","ha","74586.00",""
"Benin","Area harvested","2013","ha","110009.00",""
"Benin","Area harvested","2012","ha","65730.00",""
"Benin","Area harvested","2011","ha","55797.00",""
"Benin","Area harvested","2010","ha","47058.00",""
"Benin","Yield","2018","hg/ha","33977.00","Fc"
"Benin","Yield","2017","hg/ha","35295.00","Fc"
"Benin","Yield","2016","hg/ha","34174.00","Fc"
"Benin","Yield","2015","hg/ha","31285.00","Fc"
"Benin","Yield","2014","hg/ha","31393.00","Fc"
"Benin","Yield","2013","hg/ha","32960.00","Fc"
"Benin","Yield","2012","hg/ha","32960.00","Fc"
"Benin","Yield","2011","hg/ha","39362.00","Fc"
"Benin","Yield","2010","hg/ha","26558.00","Fc"
"Benin","Production","2018","tonnes","459313.00",""
"Benin","Production","2017","tonnes","278718.00",""
"Benin","Production","2016","tonnes","281428.00",""
"Benin","Production","2015","tonnes","204310.00",""
"Benin","Production","2014","tonnes","234145.00",""
"Benin","Production","2013","tonnes","362589.00",""
"Benin","Production","2012","tonnes","216644.00",""
"Benin","Production","2011","tonnes","219626.00",""
"Benin","Production","2010","tonnes","124975.00",""
"Burkina Faso","Area harvested","2018","ha","170158.00",""
"Burkina Faso","Area harvested","2017","ha","165086.00",""
"Burkina Faso","Area harvested","2016","ha","170158.00",""
"Burkina Faso","Area harvested","2015","ha","142715.00",""
"Burkina Faso","Area harvested","2014","ha","144261.00",""
"Burkina Faso","Area harvested","2013","ha","138852.00",""
"Burkina Faso","Area harvested","2012","ha","136864.00",""
"Burkina Faso","Area harvested","2011","ha","136268.00",""
"Burkina Faso","Area harvested","2010","ha","133737.00",""
"Burkina Faso","Yield","2018","hg/ha","9459.00","Fc"
"Burkina Faso","Yield","2017","hg/ha","19721.00","Fc"
"Burkina Faso","Yield","2016","hg/ha","22608.00","Fc"
"Burkina Faso","Yield","2015","hg/ha","22782.00","Fc"
"Burkina Faso","Yield","2014","hg/ha","24088.00","Fc"
"Burkina Faso","Yield","2013","hg/ha","21993.00","Fc"
"Burkina Faso","Yield","2012","hg/ha","23336.00","Fc"
"Burkina Faso","Yield","2011","hg/ha","17676.00","Fc"
"Burkina Faso","Yield","2010","hg/ha","20238.00","Fc"
"Burkina Faso","Production","2018","tonnes","160949.00",""
"Burkina Faso","Production","2017","tonnes","325566.00",""
"Burkina Faso","Production","2016","tonnes","384690.00",""
"Burkina Faso","Production","2015","tonnes","325138.00",""
"Burkina Faso","Production","2014","tonnes","347501.00",""
"Burkina Faso","Production","2013","tonnes","305382.00",""
"Burkina Faso","Production","2012","tonnes","319390.00",""
"Burkina Faso","Production","2011","tonnes","240866.00",""
"Burkina Faso","Production","2010","tonnes","270658.00",""
"Burundi","Area harvested","2018","ha","43808.00",""
"Burundi","Area harvested","2017","ha","43398.00",""
"Burundi","Area harvested","2016","ha","63751.00",""
"Burundi","Area harvested","2015","ha","34246.00",""
"Burundi","Area harvested","2014","ha","23730.00",""
"Burundi","Area harvested","2013","ha","21670.00",""
"Burundi","Area harvested","2012","ha","30711.00",""
"Burundi","Area harvested","2011","ha","34049.00","Im"
"Burundi","Area harvested","2010","ha","29569.00","Im"
"Burundi","Yield","2018","hg/ha","12708.00","Fc"
"Burundi","Yield","2017","hg/ha","12893.00","Fc"
"Burundi","Yield","2016","hg/ha","23001.00","Fc"
"Burundi","Yield","2015","hg/ha","11293.00","Fc"
"Burundi","Yield","2014","hg/ha","28393.00","Fc"
"Burundi","Yield","2013","hg/ha","19130.00","Fc"
"Burundi","Yield","2012","hg/ha","21041.00","Fc"
"Burundi","Yield","2011","hg/ha","26848.00","Fc"
"Burundi","Yield","2010","hg/ha","28077.00","Fc"
"Burundi","Production","2018","tonnes","55671.00",""
"Burundi","Production","2017","tonnes","55952.00",""
"Burundi","Production","2016","tonnes","146633.00",""
"Burundi","Production","2015","tonnes","38674.00",""
"Burundi","Production","2014","tonnes","67377.00",""
"Burundi","Production","2013","tonnes","41454.00",""
"Burundi","Production","2012","tonnes","64620.00",""
"Burundi","Production","2011","tonnes","91415.00",""
"Burundi","Production","2010","tonnes","83019.00",""
"Cameroon","Area harvested","2018","ha","288637.00","Im"
"Cameroon","Area harvested","2017","ha","270000.00","F"
"Cameroon","Area harvested","2016","ha","276175.00",""
"Cameroon","Area harvested","2015","ha","226779.00",""
"Cameroon","Area harvested","2014","ha","126901.00",""
"Cameroon","Area harvested","2013","ha","166734.00",""
"Cameroon","Area harvested","2012","ha","127886.00",""
"Cameroon","Area harvested","2011","ha","129296.00",""
"Cameroon","Area harvested","2010","ha","139976.00",""
"Cameroon","Yield","2018","hg/ha","11521.00","Fc"
"Cameroon","Yield","2017","hg/ha","13333.00","Fc"
"Cameroon","Yield","2016","hg/ha","13011.00","Fc"
"Cameroon","Yield","2015","hg/ha","12271.00","Fc"
"Cameroon","Yield","2014","hg/ha","12076.00","Fc"
"Cameroon","Yield","2013","hg/ha","11641.00","Fc"
"Cameroon","Yield","2012","hg/ha","14217.00","Fc"
"Cameroon","Yield","2011","hg/ha","13464.00","Fc"
"Cameroon","Yield","2010","hg/ha","10936.00","Fc"
"Cameroon","Production","2018","tonnes","332534.00","Im"
"Cameroon","Production","2017","tonnes","360000.00","F"
"Cameroon","Production","2016","tonnes","359320.00",""
"Cameroon","Production","2015","tonnes","278281.00",""
"Cameroon","Production","2014","tonnes","153246.00",""
"Cameroon","Production","2013","tonnes","194094.00",""
"Cameroon","Production","2012","tonnes","181818.00",""
"Cameroon","Production","2011","tonnes","174089.00",""
"Cameroon","Production","2010","tonnes","153078.00",""
"Central African Republic","Area harvested","2018","ha","6453.00","Im"
"Central African Republic","Area harvested","2017","ha","6762.00","Im"
"Central African Republic","Area harvested","2016","ha","7848.00",""
"Central African Republic","Area harvested","2015","ha","7271.00",""
"Central African Republic","Area harvested","2014","ha","9159.00",""
"Central African Republic","Area harvested","2013","ha","15526.00","Im"
"Central African Republic","Area harvested","2012","ha","14000.00",""
"Central African Republic","Area harvested","2011","ha","25000.00",""
"Central African Republic","Area harvested","2010","ha","16700.00",""
"Central African Republic","Yield","2018","hg/ha","17214.00","Fc"
"Central African Republic","Yield","2017","hg/ha","17060.00","Fc"
"Central African Republic","Yield","2016","hg/ha","14792.00","Fc"
"Central African Republic","Yield","2015","hg/ha","14000.00","Fc"
"Central African Republic","Yield","2014","hg/ha","14000.00","Fc"
"Central African Republic","Yield","2013","hg/ha","19116.00","Fc"
"Central African Republic","Yield","2012","hg/ha","30000.00","Fc"
"Central African Republic","Yield","2011","hg/ha","16000.00","Fc"
"Central African Republic","Yield","2010","hg/ha","23353.00","Fc"
"Central African Republic","Production","2018","tonnes","11108.00","Im"
"Central African Republic","Production","2017","tonnes","11537.00","Im"
"Central African Republic","Production","2016","tonnes","11608.00",""
"Central African Republic","Production","2015","tonnes","10180.00",""
"Central African Republic","Production","2014","tonnes","12822.00",""
"Central African Republic","Production","2013","tonnes","29679.00","Im"
"Central African Republic","Production","2012","tonnes","42000.00",""
"Central African Republic","Production","2011","tonnes","40000.00",""
"Central African Republic","Production","2010","tonnes","39000.00",""
"Chad","Area harvested","2018","ha","185825.00",""
"Chad","Area harvested","2017","ha","191029.00",""
"Chad","Area harvested","2016","ha","182404.00",""
"Chad","Area harvested","2015","ha","172012.00",""
"Chad","Area harvested","2014","ha","193717.00",""
"Chad","Area harvested","2013","ha","217769.00",""
"Chad","Area harvested","2012","ha","145560.00",""
"Chad","Area harvested","2011","ha","120791.00",""
"Chad","Area harvested","2010","ha","138740.00",""
"Chad","Yield","2018","hg/ha","13967.00","Fc"
"Chad","Yield","2017","hg/ha","13797.00","Fc"
"Chad","Yield","2016","hg/ha","14128.00","Fc"
"Chad","Yield","2015","hg/ha","14155.00","Fc"
"Chad","Yield","2014","hg/ha","15699.00","Fc"
"Chad","Yield","2013","hg/ha","17377.00","Fc"
"Chad","Yield","2012","hg/ha","12978.00","Fc"
"Chad","Yield","2011","hg/ha","14296.00","Fc"
"Chad","Yield","2010","hg/ha","13415.00","Fc"
"Chad","Production","2018","tonnes","259540.00",""
"Chad","Production","2017","tonnes","263555.00",""
"Chad","Production","2016","tonnes","257701.00",""
"Chad","Production","2015","tonnes","243478.00",""
"Chad","Production","2014","tonnes","304112.00",""
"Chad","Production","2013","tonnes","378426.00",""
"Chad","Production","2012","tonnes","188911.00",""
"Chad","Production","2011","tonnes","172687.00",""
"Chad","Production","2010","tonnes","186118.00",""
"Comoros","Area harvested","2018","ha","24525.00","Im"
"Comoros","Area harvested","2017","ha","24377.00","Im"
"Comoros","Area harvested","2016","ha","25508.00","Im"
"Comoros","Area harvested","2015","ha","24227.00","Im"
"Comoros","Area harvested","2014","ha","23735.00","Im"
"Comoros","Area harvested","2013","ha","22500.00","F"
"Comoros","Area harvested","2012","ha","22000.00","F"
"Comoros","Area harvested","2011","ha","21000.00","F"
"Comoros","Area harvested","2010","ha","19000.00","F"
"Comoros","Yield","2018","hg/ha","12779.00","Fc"
"Comoros","Yield","2017","hg/ha","12738.00","Fc"
"Comoros","Yield","2016","hg/ha","12697.00","Fc"
"Comoros","Yield","2015","hg/ha","12624.00","Fc"
"Comoros","Yield","2014","hg/ha","12717.00","Fc"
"Comoros","Yield","2013","hg/ha","12889.00","Fc"
"Comoros","Yield","2012","hg/ha","12273.00","Fc"
"Comoros","Yield","2011","hg/ha","12619.00","Fc"
"Comoros","Yield","2010","hg/ha","12632.00","Fc"
"Comoros","Production","2018","tonnes","31340.00","Im"
"Comoros","Production","2017","tonnes","31051.00","Im"
"Comoros","Production","2016","tonnes","32387.00","Im"
"Comoros","Production","2015","tonnes","30584.00","Im"
"Comoros","Production","2014","tonnes","30183.00","Im"
"Comoros","Production","2013","tonnes","29000.00","F"
"Comoros","Production","2012","tonnes","27000.00","F"
"Comoros","Production","2011","tonnes","26500.00","F"
"Comoros","Production","2010","tonnes","24000.00","F"
"Congo","Area harvested","2018","ha","2032.00","Im"
"Congo","Area harvested","2017","ha","2026.00","Im"
"Congo","Area harvested","2016","ha","2021.00","Im"
"Congo","Area harvested","2015","ha","2039.00","Im"
"Congo","Area harvested","2014","ha","2012.00","Im"
"Congo","Area harvested","2013","ha","1975.00","Im"
"Congo","Area harvested","2012","ha","1969.00","Im"
"Congo","Area harvested","2011","ha","1979.00","Im"
"Congo","Area harvested","2010","ha","2390.00","Im"
"Congo","Yield","2018","hg/ha","5889.00","Fc"
"Congo","Yield","2017","hg/ha","5922.00","Fc"
"Congo","Yield","2016","hg/ha","5954.00","Fc"
"Congo","Yield","2015","hg/ha","5916.00","Fc"
"Congo","Yield","2014","hg/ha","5933.00","Fc"
"Congo","Yield","2013","hg/ha","6059.00","Fc"
"Congo","Yield","2012","hg/ha","6110.00","Fc"
"Congo","Yield","2011","hg/ha","6086.00","Fc"
"Congo","Yield","2010","hg/ha","6256.00","Fc"
"Congo","Production","2018","tonnes","1196.00","Im"
"Congo","Production","2017","tonnes","1199.00","Im"
"Congo","Production","2016","tonnes","1203.00","Im"
"Congo","Production","2015","tonnes","1207.00","Im"
"Congo","Production","2014","tonnes","1194.00","Im"
"Congo","Production","2013","tonnes","1196.00","Im"
"Congo","Production","2012","tonnes","1203.00","Im"
"Congo","Production","2011","tonnes","1205.00","Im"
"Congo","Production","2010","tonnes","1495.00","Im"
"Democratic Republic of the Congo","Area harvested","2018","ha","1303223.00","Im"
"Democratic Republic of the Congo","Area harvested","2017","ha","1313734.00","Im"
"Democratic Republic of the Congo","Area harvested","2016","ha","1253031.00","Im"
"Democratic Republic of the Congo","Area harvested","2015","ha","1348356.00","Im"
"Democratic Republic of the Congo","Area harvested","2014","ha","1344792.00","Im"
"Democratic Republic of the Congo","Area harvested","2013","ha","1068860.00","Im"
"Democratic Republic of the Congo","Area harvested","2012","ha","851986.00","Im"
"Democratic Republic of the Congo","Area harvested","2011","ha","421184.00","Im"
"Democratic Republic of the Congo","Area harvested","2010","ha","420174.00",""
"Democratic Republic of the Congo","Yield","2018","hg/ha","7598.00","Fc"
"Democratic Republic of the Congo","Yield","2017","hg/ha","7594.00","Fc"
"Democratic Republic of the Congo","Yield","2016","hg/ha","7590.00","Fc"
"Democratic Republic of the Congo","Yield","2015","hg/ha","7578.00","Fc"
"Democratic Republic of the Congo","Yield","2014","hg/ha","7585.00","Fc"
"Democratic Republic of the Congo","Yield","2013","hg/ha","7590.00","Fc"
"Democratic Republic of the Congo","Yield","2012","hg/ha","7573.00","Fc"
"Democratic Republic of the Congo","Yield","2011","hg/ha","7568.00","Fc"
"Democratic Republic of the Congo","Yield","2010","hg/ha","7572.00","Fc"
"Democratic Republic of the Congo","Production","2018","tonnes","990139.00","Im"
"Democratic Republic of the Congo","Production","2017","tonnes","997599.00","Im"
"Democratic Republic of the Congo","Production","2016","tonnes","951004.00","Im"
"Democratic Republic of the Congo","Production","2015","tonnes","1021815.00",""
"Democratic Republic of the Congo","Production","2014","tonnes","1019979.00",""
"Democratic Republic of the Congo","Production","2013","tonnes","811218.00",""
"Democratic Republic of the Congo","Production","2012","tonnes","645184.00",""
"Democratic Republic of the Congo","Production","2011","tonnes","318750.00",""
"Democratic Republic of the Congo","Production","2010","tonnes","318144.00",""
"Egypt","Area harvested","2018","ha","555147.00","Im"
"Egypt","Area harvested","2017","ha","549688.00",""
"Egypt","Area harvested","2016","ha","568688.00",""
"Egypt","Area harvested","2015","ha","510853.00",""
"Egypt","Area harvested","2014","ha","573704.00",""
"Egypt","Area harvested","2013","ha","597099.00",""
"Egypt","Area harvested","2012","ha","620285.00",""
"Egypt","Area harvested","2011","ha","593185.00",""
"Egypt","Area harvested","2010","ha","459525.00",""
"Egypt","Yield","2018","hg/ha","88265.00","Fc"
"Egypt","Yield","2017","hg/ha","90245.00","Fc"
"Egypt","Yield","2016","hg/ha","93353.00","Fc"
"Egypt","Yield","2015","hg/ha","94312.00","Fc"
"Egypt","Yield","2014","hg/ha","95300.00","Fc"
"Egypt","Yield","2013","hg/ha","95865.00","Fc"
"Egypt","Yield","2012","hg/ha","95296.00","Fc"
"Egypt","Yield","2011","hg/ha","95670.00","Fc"
"Egypt","Yield","2010","hg/ha","94217.00","Fc"
"Egypt","Production","2018","tonnes","4900000.00",""
"Egypt","Production","2017","tonnes","4960662.00",""
"Egypt","Production","2016","tonnes","5308873.00",""
"Egypt","Production","2015","tonnes","4817964.00",""
"Egypt","Production","2014","tonnes","5467392.00",""
"Egypt","Production","2013","tonnes","5724106.00",""
"Egypt","Production","2012","tonnes","5911086.00",""
"Egypt","Production","2011","tonnes","5675027.00",""
"Egypt","Production","2010","tonnes","4329503.00",""
"Ethiopia","Area harvested","2018","ha","47434.00","Im"
"Ethiopia","Area harvested","2017","ha","46863.00","Im"
"Ethiopia","Area harvested","2016","ha","48418.00",""
"Ethiopia","Area harvested","2015","ha","45454.00",""
"Ethiopia","Area harvested","2014","ha","46832.00",""
"Ethiopia","Area harvested","2013","ha","33820.00",""
"Ethiopia","Area harvested","2012","ha","41811.00",""
"Ethiopia","Area harvested","2011","ha","30649.00",""
"Ethiopia","Area harvested","2010","ha","29866.00",""
"Ethiopia","Yield","2018","hg/ha","30400.00","Fc"
"Ethiopia","Yield","2017","hg/ha","28508.00","Fc"
"Ethiopia","Yield","2016","hg/ha","28089.00","Fc"
"Ethiopia","Yield","2015","hg/ha","30752.00","Fc"
"Ethiopia","Yield","2014","hg/ha","28148.00","Fc"
"Ethiopia","Yield","2013","hg/ha","27310.00","Fc"
"Ethiopia","Yield","2012","hg/ha","28950.00","Fc"
"Ethiopia","Yield","2011","hg/ha","28914.00","Fc"
"Ethiopia","Yield","2010","hg/ha","30273.00","Fc"
"Ethiopia","Production","2018","tonnes","144200.00","Im"
"Ethiopia","Production","2017","tonnes","133597.00","Im"
"Ethiopia","Production","2016","tonnes","136001.00",""
"Ethiopia","Production","2015","tonnes","139780.00",""
"Ethiopia","Production","2014","tonnes","131821.00",""
"Ethiopia","Production","2013","tonnes","92363.00",""
"Ethiopia","Production","2012","tonnes","121042.00",""
"Ethiopia","Production","2011","tonnes","88619.00",""
"Ethiopia","Production","2010","tonnes","90412.00",""
"Gabon","Area harvested","2018","ha","613.00","Im"
"Gabon","Area harvested","2017","ha","609.00","Im"
"Gabon","Area harvested","2016","ha","605.00","Im"
"Gabon","Area harvested","2015","ha","602.00","Im"
"Gabon","Area harvested","2014","ha","599.00","Im"
"Gabon","Area harvested","2013","ha","620.00","F"
"Gabon","Area harvested","2012","ha","620.00","F"
"Gabon","Area harvested","2011","ha","568.00","Im"
"Gabon","Area harvested","2010","ha","552.00","Im"
"Gabon","Yield","2018","hg/ha","29854.00","Fc"
"Gabon","Yield","2017","hg/ha","29350.00","Fc"
"Gabon","Yield","2016","hg/ha","28846.00","Fc"
"Gabon","Yield","2015","hg/ha","28273.00","Fc"
"Gabon","Yield","2014","hg/ha","27761.00","Fc"
"Gabon","Yield","2013","hg/ha","27419.00","Fc"
"Gabon","Yield","2012","hg/ha","27419.00","Fc"
"Gabon","Yield","2011","hg/ha","26264.00","Fc"
"Gabon","Yield","2010","hg/ha","25754.00","Fc"
"Gabon","Production","2018","tonnes","1830.00","Im"
"Gabon","Production","2017","tonnes","1787.00","Im"
"Gabon","Production","2016","tonnes","1745.00","Im"
"Gabon","Production","2015","tonnes","1701.00","Im"
"Gabon","Production","2014","tonnes","1663.00","Im"
"Gabon","Production","2013","tonnes","1700.00","F"
"Gabon","Production","2012","tonnes","1700.00","F"
"Gabon","Production","2011","tonnes","1492.00","Im"
"Gabon","Production","2010","tonnes","1421.00","Im"
"Gambia","Area harvested","2018","ha","68961.00","Im"
"Gambia","Area harvested","2017","ha","65854.00","F"
"Gambia","Area harvested","2016","ha","65900.00","F"
"Gambia","Area harvested","2015","ha","62294.00","Im"
"Gambia","Area harvested","2014","ha","66286.00",""
"Gambia","Area harvested","2013","ha","66380.00",""
"Gambia","Area harvested","2012","ha","63592.00",""
"Gambia","Area harvested","2011","ha","42026.00",""
"Gambia","Area harvested","2010","ha","86150.00",""
"Gambia","Yield","2018","hg/ha","7803.00","Fc"
"Gambia","Yield","2017","hg/ha","7757.00","Fc"
"Gambia","Yield","2016","hg/ha","8458.00","Fc"
"Gambia","Yield","2015","hg/ha","8339.00","Fc"
"Gambia","Yield","2014","hg/ha","7041.00","Fc"
"Gambia","Yield","2013","hg/ha","10501.00","Fc"
"Gambia","Yield","2012","hg/ha","8526.00","Fc"
"Gambia","Yield","2011","hg/ha","12168.00","Fc"
"Gambia","Yield","2010","hg/ha","11595.00","Fc"
"Gambia","Production","2018","tonnes","53809.00","Im"
"Gambia","Production","2017","tonnes","51081.00","F"
"Gambia","Production","2016","tonnes","55737.00","F"
"Gambia","Production","2015","tonnes","51949.00","Im"
"Gambia","Production","2014","tonnes","46674.00",""
"Gambia","Production","2013","tonnes","69704.00",""
"Gambia","Production","2012","tonnes","54219.00",""
"Gambia","Production","2011","tonnes","51136.00",""
"Gambia","Production","2010","tonnes","99890.00",""
"Ghana","Area harvested","2018","ha","272407.00","Im"
"Ghana","Area harvested","2017","ha","258337.00","Im"
"Ghana","Area harvested","2016","ha","243858.00",""
"Ghana","Area harvested","2015","ha","233270.00",""
"Ghana","Area harvested","2014","ha","224000.00",""
"Ghana","Area harvested","2013","ha","215905.00",""
"Ghana","Area harvested","2012","ha","189529.00",""
"Ghana","Area harvested","2011","ha","197480.00",""
"Ghana","Area harvested","2010","ha","181228.00",""
"Ghana","Yield","2018","hg/ha","28245.00","Fc"
"Ghana","Yield","2017","hg/ha","27951.00","Fc"
"Ghana","Yield","2016","hg/ha","28200.00","Fc"
"Ghana","Yield","2015","hg/ha","27500.00","Fc"
"Ghana","Yield","2014","hg/ha","26964.00","Fc"
"Ghana","Yield","2013","hg/ha","26378.00","Fc"
"Ghana","Yield","2012","hg/ha","25386.00","Fc"
"Ghana","Yield","2011","hg/ha","23495.00","Fc"
"Ghana","Yield","2010","hg/ha","27126.00","Fc"
"Ghana","Production","2018","tonnes","769401.00",""
"Ghana","Production","2017","tonnes","722080.00",""
"Ghana","Production","2016","tonnes","687679.00",""
"Ghana","Production","2015","tonnes","641492.00",""
"Ghana","Production","2014","tonnes","604000.00",""
"Ghana","Production","2013","tonnes","569524.00",""
"Ghana","Production","2012","tonnes","481134.00",""
"Ghana","Production","2011","tonnes","463975.00",""
"Ghana","Production","2010","tonnes","491603.00",""
"Guinea","Area harvested","2018","ha","1859767.00",""
"Guinea","Area harvested","2017","ha","1805878.00",""
"Guinea","Area harvested","2016","ha","1687597.00",""
"Guinea","Area harvested","2015","ha","1706138.00",""
"Guinea","Area harvested","2014","ha","1690869.00",""
"Guinea","Area harvested","2013","ha","1642687.00",""
"Guinea","Area harvested","2012","ha","1599034.00",""
"Guinea","Area harvested","2011","ha","1549895.00",""
"Guinea","Area harvested","2010","ha","1465953.00",""
"Guinea","Yield","2018","hg/ha","12581.00","Fc"
"Guinea","Yield","2017","hg/ha","12171.00","Fc"
"Guinea","Yield","2016","hg/ha","12658.00","Fc"
"Guinea","Yield","2015","hg/ha","12000.00","Fc"
"Guinea","Yield","2014","hg/ha","11654.00","Fc"
"Guinea","Yield","2013","hg/ha","12500.00","Fc"
"Guinea","Yield","2012","hg/ha","12000.00","Fc"
"Guinea","Yield","2011","hg/ha","11567.00","Fc"
"Guinea","Yield","2010","hg/ha","11008.00","Fc"
"Guinea","Production","2018","tonnes","2339747.00",""
"Guinea","Production","2017","tonnes","2197907.00",""
"Guinea","Production","2016","tonnes","2136242.00",""
"Guinea","Production","2015","tonnes","2047365.00",""
"Guinea","Production","2014","tonnes","1970515.00",""
"Guinea","Production","2013","tonnes","2053359.00",""
"Guinea","Production","2012","tonnes","1918841.00",""
"Guinea","Production","2011","tonnes","1792801.00",""
"Guinea","Production","2010","tonnes","1613730.00",""
"Guinea-Bissau","Area harvested","2018","ha","118660.00","Im"
"Guinea-Bissau","Area harvested","2017","ha","137568.00","Im"
"Guinea-Bissau","Area harvested","2016","ha","129287.00","Im"
"Guinea-Bissau","Area harvested","2015","ha","110255.00","Im"
"Guinea-Bissau","Area harvested","2014","ha","85000.00","F"
"Guinea-Bissau","Area harvested","2013","ha","135000.00",""
"Guinea-Bissau","Area harvested","2012","ha","114270.00","Im"
"Guinea-Bissau","Area harvested","2011","ha","93418.00","Im"
"Guinea-Bissau","Area harvested","2010","ha","100510.00",""
"Guinea-Bissau","Yield","2018","hg/ha","14431.00","Fc"
"Guinea-Bissau","Yield","2017","hg/ha","13488.00","Fc"
"Guinea-Bissau","Yield","2016","hg/ha","14387.00","Fc"
"Guinea-Bissau","Yield","2015","hg/ha","15419.00","Fc"
"Guinea-Bissau","Yield","2014","hg/ha","15647.00","Fc"
"Guinea-Bissau","Yield","2013","hg/ha","15535.00","Fc"
"Guinea-Bissau","Yield","2012","hg/ha","17371.00","Fc"
"Guinea-Bissau","Yield","2011","hg/ha","18756.00","Fc"
"Guinea-Bissau","Yield","2010","hg/ha","20818.00","Fc"
"Guinea-Bissau","Production","2018","tonnes","171239.00","Im"
"Guinea-Bissau","Production","2017","tonnes","185550.00","Im"
"Guinea-Bissau","Production","2016","tonnes","186000.00",""
"Guinea-Bissau","Production","2015","tonnes","170000.00",""
"Guinea-Bissau","Production","2014","tonnes","133000.00",""
"Guinea-Bissau","Production","2013","tonnes","209717.00",""
"Guinea-Bissau","Production","2012","tonnes","198504.00",""
"Guinea-Bissau","Production","2011","tonnes","175213.00",""
"Guinea-Bissau","Production","2010","tonnes","209240.00",""
"Kenya","Area harvested","2018","ha","25966.00",""
"Kenya","Area harvested","2017","ha","27829.00",""
"Kenya","Area harvested","2016","ha","29337.00",""
"Kenya","Area harvested","2015","ha","29438.00",""
"Kenya","Area harvested","2014","ha","28390.00",""
"Kenya","Area harvested","2013","ha","31349.00",""
"Kenya","Area harvested","2012","ha","29630.00",""
"Kenya","Area harvested","2011","ha","28034.00",""
"Kenya","Area harvested","2010","ha","20181.00",""
"Kenya","Yield","2018","hg/ha","42489.00","Fc"
"Kenya","Yield","2017","hg/ha","36605.00","Fc"
"Kenya","Yield","2016","hg/ha","34601.00","Fc"
"Kenya","Yield","2015","hg/ha","39566.00","Fc"
"Kenya","Yield","2014","hg/ha","39543.00","Fc"
"Kenya","Yield","2013","hg/ha","39955.00","Fc"
"Kenya","Yield","2012","hg/ha","46643.00","Fc"
"Kenya","Yield","2011","hg/ha","39676.00","Fc"
"Kenya","Yield","2010","hg/ha","42384.00","Fc"
"Kenya","Production","2018","tonnes","110325.00",""
"Kenya","Production","2017","tonnes","101866.00",""
"Kenya","Production","2016","tonnes","101510.00",""
"Kenya","Production","2015","tonnes","116473.00",""
"Kenya","Production","2014","tonnes","112263.00",""
"Kenya","Production","2013","tonnes","125256.00",""
"Kenya","Production","2012","tonnes","138204.00",""
"Kenya","Production","2011","tonnes","111229.00",""
"Kenya","Production","2010","tonnes","85536.00",""
"Madagascar","Area harvested","2018","ha","928184.00","Im"
"Madagascar","Area harvested","2017","ha","730000.00","F"
"Madagascar","Area harvested","2016","ha","912563.00","Im"
"Madagascar","Area harvested","2015","ha","908325.00","Im"
"Madagascar","Area harvested","2014","ha","982147.00","Im"
"Madagascar","Area harvested","2013","ha","921328.00","Im"
"Madagascar","Area harvested","2012","ha","1219523.00","Im"
"Madagascar","Area harvested","2011","ha","1154562.00","Im"
"Madagascar","Area harvested","2010","ha","1307043.00",""
"Madagascar","Yield","2018","hg/ha","43418.00","Fc"
"Madagascar","Yield","2017","hg/ha","49322.00","Fc"
"Madagascar","Yield","2016","hg/ha","41815.00","Fc"
"Madagascar","Yield","2015","hg/ha","40980.00","Fc"
"Madagascar","Yield","2014","hg/ha","40502.00","Fc"
"Madagascar","Yield","2013","hg/ha","39189.00","Fc"
"Madagascar","Yield","2012","hg/ha","37315.00","Fc"
"Madagascar","Yield","2011","hg/ha","37245.00","Fc"
"Madagascar","Yield","2010","hg/ha","36249.00","Fc"
"Madagascar","Production","2018","tonnes","4030000.00",""
"Madagascar","Production","2017","tonnes","3600500.00",""
"Madagascar","Production","2016","tonnes","3815849.00",""
"Madagascar","Production","2015","tonnes","3722304.00",""
"Madagascar","Production","2014","tonnes","3977863.00",""
"Madagascar","Production","2013","tonnes","3610626.00",""
"Madagascar","Production","2012","tonnes","4550649.00",""
"Madagascar","Production","2011","tonnes","4300185.00",""
"Madagascar","Production","2010","tonnes","4737965.00",""
"Malawi","Area harvested","2018","ha","63971.00",""
"Malawi","Area harvested","2017","ha","64881.00",""
"Malawi","Area harvested","2016","ha","53676.00",""
"Malawi","Area harvested","2015","ha","65761.00",""
"Malawi","Area harvested","2014","ha","67400.00",""
"Malawi","Area harvested","2013","ha","65275.00",""
"Malawi","Area harvested","2012","ha","60132.00",""
"Malawi","Area harvested","2011","ha","61559.00",""
"Malawi","Area harvested","2010","ha","59098.00",""
"Malawi","Yield","2018","hg/ha","17557.00","Fc"
"Malawi","Yield","2017","hg/ha","18662.00","Fc"
"Malawi","Yield","2016","hg/ha","15604.00","Fc"
"Malawi","Yield","2015","hg/ha","16946.00","Fc"
"Malawi","Yield","2014","hg/ha","19585.00","Fc"
"Malawi","Yield","2013","hg/ha","19174.00","Fc"
"Malawi","Yield","2012","hg/ha","18453.00","Fc"
"Malawi","Yield","2011","hg/ha","19125.00","Fc"
"Malawi","Yield","2010","hg/ha","18631.00","Fc"
"Malawi","Production","2018","tonnes","112313.00",""
"Malawi","Production","2017","tonnes","121079.00",""
"Malawi","Production","2016","tonnes","83757.00",""
"Malawi","Production","2015","tonnes","111437.00",""
"Malawi","Production","2014","tonnes","132002.00",""
"Malawi","Production","2013","tonnes","125156.00",""
"Malawi","Production","2012","tonnes","110964.00",""
"Malawi","Production","2011","tonnes","117733.00",""
"Malawi","Production","2010","tonnes","110106.00",""
"Mali","Area harvested","2018","ha","969519.00",""
"Mali","Area harvested","2017","ha","767874.00",""
"Mali","Area harvested","2016","ha","834643.00",""
"Mali","Area harvested","2015","ha","762140.00",""
"Mali","Area harvested","2014","ha","684184.00",""
"Mali","Area harvested","2013","ha","659022.00",""
"Mali","Area harvested","2012","ha","602100.00",""
"Mali","Area harvested","2011","ha","576460.00",""
"Mali","Area harvested","2010","ha","615936.00",""
"Mali","Yield","2018","hg/ha","32671.00","Fc"
"Mali","Yield","2017","hg/ha","36216.00","Fc"
"Mali","Yield","2016","hg/ha","33318.00","Fc"
"Mali","Yield","2015","hg/ha","30586.00","Fc"
"Mali","Yield","2014","hg/ha","31670.00","Fc"
"Mali","Yield","2013","hg/ha","30009.00","Fc"
"Mali","Yield","2012","hg/ha","34486.00","Fc"
"Mali","Yield","2011","hg/ha","30210.00","Fc"
"Mali","Yield","2010","hg/ha","21044.00","Fc"
"Mali","Production","2018","tonnes","3167528.00",""
"Mali","Production","2017","tonnes","2780905.00",""
"Mali","Production","2016","tonnes","2780905.00",""
"Mali","Production","2015","tonnes","2331053.00",""
"Mali","Production","2014","tonnes","2166830.00",""
"Mali","Production","2013","tonnes","1977669.00",""
"Mali","Production","2012","tonnes","2076423.00",""
"Mali","Production","2011","tonnes","1741472.00",""
"Mali","Production","2010","tonnes","1296154.00",""
"Mauritania","Area harvested","2018","ha","43712.00","Im"
"Mauritania","Area harvested","2017","ha","47146.00","Im"
"Mauritania","Area harvested","2016","ha","43126.00","Im"
"Mauritania","Area harvested","2015","ha","43322.00","Im"
"Mauritania","Area harvested","2014","ha","57104.00",""
"Mauritania","Area harvested","2013","ha","40900.00",""
"Mauritania","Area harvested","2012","ha","37000.00",""
"Mauritania","Area harvested","2011","ha","31010.00",""
"Mauritania","Area harvested","2010","ha","25702.00",""
"Mauritania","Yield","2018","hg/ha","53120.00","Fc"
"Mauritania","Yield","2017","hg/ha","52487.00","Fc"
"Mauritania","Yield","2016","hg/ha","52371.00","Fc"
"Mauritania","Yield","2015","hg/ha","51541.00","Fc"
"Mauritania","Yield","2014","hg/ha","51348.00","Fc"
"Mauritania","Yield","2013","hg/ha","49522.00","Fc"
"Mauritania","Yield","2012","hg/ha","49788.00","Fc"
"Mauritania","Yield","2011","hg/ha","50958.00","Fc"
"Mauritania","Yield","2010","hg/ha","52310.00","Fc"
"Mauritania","Production","2018","tonnes","232196.00","Im"
"Mauritania","Production","2017","tonnes","247452.00","Im"
"Mauritania","Production","2016","tonnes","225852.00","Im"
"Mauritania","Production","2015","tonnes","223285.00",""
"Mauritania","Production","2014","tonnes","293219.00",""
"Mauritania","Production","2013","tonnes","202547.00",""
"Mauritania","Production","2012","tonnes","184217.00",""
"Mauritania","Production","2011","tonnes","158021.00",""
"Mauritania","Production","2010","tonnes","134447.00",""
"Mauritius","Area harvested","2018","ha","13.00",""
"Mauritius","Area harvested","2017","ha","56.00",""
"Mauritius","Area harvested","2016","ha","161.00",""
"Mauritius","Area harvested","2015","ha","340.00",""
"Mauritius","Area harvested","2014","ha","412.00",""
"Mauritius","Area harvested","2013","ha","304.00",""
"Mauritius","Area harvested","2012","ha","309.00",""
"Mauritius","Area harvested","2011","ha","120.00",""
"Mauritius","Area harvested","2010","ha","55.00","Im"
"Mauritius","Yield","2018","hg/ha","14615.00","Fc"
"Mauritius","Yield","2017","hg/ha","28571.00","Fc"
"Mauritius","Yield","2016","hg/ha","21863.00","Fc"
"Mauritius","Yield","2015","hg/ha","19324.00","Fc"
"Mauritius","Yield","2014","hg/ha","28786.00","Fc"
"Mauritius","Yield","2013","hg/ha","21250.00","Fc"
"Mauritius","Yield","2012","hg/ha","26893.00","Fc"
"Mauritius","Yield","2011","hg/ha","26333.00","Fc"
"Mauritius","Yield","2010","hg/ha","28504.00","Fc"
"Mauritius","Production","2018","tonnes","19.00",""
"Mauritius","Production","2017","tonnes","160.00",""
"Mauritius","Production","2016","tonnes","352.00",""
"Mauritius","Production","2015","tonnes","657.00",""
"Mauritius","Production","2014","tonnes","1186.00",""
"Mauritius","Production","2013","tonnes","646.00",""
"Mauritius","Production","2012","tonnes","831.00",""
"Mauritius","Production","2011","tonnes","316.00",""
"Mauritius","Production","2010","tonnes","156.00","Im"
"Morocco","Area harvested","2018","ha","8091.00",""
"Morocco","Area harvested","2017","ha","8013.00",""
"Morocco","Area harvested","2016","ha","7527.00",""
"Morocco","Area harvested","2015","ha","8310.00",""
"Morocco","Area harvested","2014","ha","4407.00",""
"Morocco","Area harvested","2013","ha","5000.00",""
"Morocco","Area harvested","2012","ha","9150.00",""
"Morocco","Area harvested","2011","ha","2540.00",""
"Morocco","Area harvested","2010","ha","7400.00",""
"Morocco","Yield","2018","hg/ha","77910.00","Fc"
"Morocco","Yield","2017","hg/ha","72005.00","Fc"
"Morocco","Yield","2016","hg/ha","70881.00","Fc"
"Morocco","Yield","2015","hg/ha","76173.00","Fc"
"Morocco","Yield","2014","hg/ha","75000.00","Fc"
"Morocco","Yield","2013","hg/ha","75433.00","Fc"
"Morocco","Yield","2012","hg/ha","76015.00","Fc"
"Morocco","Yield","2011","hg/ha","70236.00","Fc"
"Morocco","Yield","2010","hg/ha","68270.00","Fc"
"Morocco","Production","2018","tonnes","63037.00",""
"Morocco","Production","2017","tonnes","57698.00",""
"Morocco","Production","2016","tonnes","53354.00",""
"Morocco","Production","2015","tonnes","63298.00",""
"Morocco","Production","2014","tonnes","33051.00",""
"Morocco","Production","2013","tonnes","37716.00",""
"Morocco","Production","2012","tonnes","69554.00",""
"Morocco","Production","2011","tonnes","17840.00",""
"Morocco","Production","2010","tonnes","50520.00",""
"Mozambique","Area harvested","2018","ha","227234.00","Im"
"Mozambique","Area harvested","2017","ha","230882.00","Im"
"Mozambique","Area harvested","2016","ha","205925.00","Im"
"Mozambique","Area harvested","2015","ha","234884.00",""
"Mozambique","Area harvested","2014","ha","376500.00",""
"Mozambique","Area harvested","2013","ha","403700.00",""
"Mozambique","Area harvested","2012","ha","363400.00",""
"Mozambique","Area harvested","2011","ha","238778.00",""
"Mozambique","Area harvested","2010","ha","226593.00",""
"Mozambique","Yield","2018","hg/ha","5902.00","Fc"
"Mozambique","Yield","2017","hg/ha","4764.00","Fc"
"Mozambique","Yield","2016","hg/ha","5902.00","Fc"
"Mozambique","Yield","2015","hg/ha","5458.00","Fc"
"Mozambique","Yield","2014","hg/ha","4137.00","Fc"
"Mozambique","Yield","2013","hg/ha","2824.00","Fc"
"Mozambique","Yield","2012","hg/ha","5589.00","Fc"
"Mozambique","Yield","2011","hg/ha","11366.00","Fc"
"Mozambique","Yield","2010","hg/ha","11365.00","Fc"
"Mozambique","Production","2018","tonnes","134105.00","Im"
"Mozambique","Production","2017","tonnes","110000.00","F"
"Mozambique","Production","2016","tonnes","121530.00","Im"
"Mozambique","Production","2015","tonnes","128197.00",""
"Mozambique","Production","2014","tonnes","155741.00",""
"Mozambique","Production","2013","tonnes","114012.00",""
"Mozambique","Production","2012","tonnes","203102.00",""
"Mozambique","Production","2011","tonnes","271402.00",""
"Mozambique","Production","2010","tonnes","257527.00",""
"Niger","Area harvested","2018","ha","29958.00",""
"Niger","Area harvested","2017","ha","23803.00",""
"Niger","Area harvested","2016","ha","23508.00",""
"Niger","Area harvested","2015","ha","20916.00",""
"Niger","Area harvested","2014","ha","25678.00",""
"Niger","Area harvested","2013","ha","21572.00",""
"Niger","Area harvested","2012","ha","16798.00",""
"Niger","Area harvested","2011","ha","22272.00",""
"Niger","Area harvested","2010","ha","33446.00",""
"Niger","Yield","2018","hg/ha","33917.00","Fc"
"Niger","Yield","2017","hg/ha","47318.00","Fc"
"Niger","Yield","2016","hg/ha","44407.00","Fc"
"Niger","Yield","2015","hg/ha","43427.00","Fc"
"Niger","Yield","2014","hg/ha","40479.00","Fc"
"Niger","Yield","2013","hg/ha","40379.00","Fc"
"Niger","Yield","2012","hg/ha","42439.00","Fc"
"Niger","Yield","2011","hg/ha","33285.00","Fc"
"Niger","Yield","2010","hg/ha","30742.00","Fc"
"Niger","Production","2018","tonnes","101607.00",""
"Niger","Production","2017","tonnes","112632.00",""
"Niger","Production","2016","tonnes","104392.00",""
"Niger","Production","2015","tonnes","90831.00",""
"Niger","Production","2014","tonnes","103941.00",""
"Niger","Production","2013","tonnes","87106.00",""
"Niger","Production","2012","tonnes","71289.00",""
"Niger","Production","2011","tonnes","74133.00",""
"Niger","Production","2010","tonnes","102820.00",""
"Nigeria","Area harvested","2018","ha","3345969.00","Im"
"Nigeria","Area harvested","2017","ha","3308876.00","Im"
"Nigeria","Area harvested","2016","ha","3745134.00","Im"
"Nigeria","Area harvested","2015","ha","3121562.00",""
"Nigeria","Area harvested","2014","ha","3081923.00",""
"Nigeria","Area harvested","2013","ha","2931400.00",""
"Nigeria","Area harvested","2012","ha","2863815.00",""
"Nigeria","Area harvested","2011","ha","2269410.00",""
"Nigeria","Area harvested","2010","ha","2432630.00",""
"Nigeria","Yield","2018","hg/ha","20351.00","Fc"
"Nigeria","Yield","2017","hg/ha","19970.00","Fc"
"Nigeria","Yield","2016","hg/ha","20197.00","Fc"
"Nigeria","Yield","2015","hg/ha","20042.00","Fc"
"Nigeria","Yield","2014","hg/ha","19478.00","Fc"
"Nigeria","Yield","2013","hg/ha","16454.00","Fc"
"Nigeria","Yield","2012","hg/ha","18971.00","Fc"
"Nigeria","Yield","2011","hg/ha","20325.00","Fc"
"Nigeria","Yield","2010","hg/ha","18386.00","Fc"
"Nigeria","Production","2018","tonnes","6809327.00","Im"
"Nigeria","Production","2017","tonnes","6607703.00","Im"
"Nigeria","Production","2016","tonnes","7564050.00",""
"Nigeria","Production","2015","tonnes","6256228.00",""
"Nigeria","Production","2014","tonnes","6002831.00",""
"Nigeria","Production","2013","tonnes","4823330.00",""
"Nigeria","Production","2012","tonnes","5432930.00",""
"Nigeria","Production","2011","tonnes","4612614.00",""
"Nigeria","Production","2010","tonnes","4472520.00",""
"Rwanda","Area harvested","2018","ha","34205.00",""
"Rwanda","Area harvested","2017","ha","31583.00",""
"Rwanda","Area harvested","2016","ha","33430.00",""
"Rwanda","Area harvested","2015","ha","30204.00",""
"Rwanda","Area harvested","2014","ha","23770.00",""
"Rwanda","Area harvested","2013","ha","17568.00",""
"Rwanda","Area harvested","2012","ha","14701.00",""
"Rwanda","Area harvested","2011","ha","14592.00",""
"Rwanda","Area harvested","2010","ha","12975.00",""
"Rwanda","Yield","2018","hg/ha","35062.00","Fc"
"Rwanda","Yield","2017","hg/ha","34499.00","Fc"
"Rwanda","Yield","2016","hg/ha","33067.00","Fc"
"Rwanda","Yield","2015","hg/ha","32259.00","Fc"
"Rwanda","Yield","2014","hg/ha","30594.00","Fc"
"Rwanda","Yield","2013","hg/ha","53362.00","Fc"
"Rwanda","Yield","2012","hg/ha","57193.00","Fc"
"Rwanda","Yield","2011","hg/ha","55195.00","Fc"
"Rwanda","Yield","2010","hg/ha","51833.00","Fc"
"Rwanda","Production","2018","tonnes","119932.00",""
"Rwanda","Production","2017","tonnes","108958.00",""
"Rwanda","Production","2016","tonnes","110544.00",""
"Rwanda","Production","2015","tonnes","97435.00",""
"Rwanda","Production","2014","tonnes","72723.00",""
"Rwanda","Production","2013","tonnes","93746.00",""
"Rwanda","Production","2012","tonnes","84079.00",""
"Rwanda","Production","2011","tonnes","80541.00",""
"Rwanda","Production","2010","tonnes","67253.00",""
"Senegal","Area harvested","2018","ha","174126.00","Im"
"Senegal","Area harvested","2017","ha","167398.00","Im"
"Senegal","Area harvested","2016","ha","162382.00","Im"
"Senegal","Area harvested","2015","ha","237300.00",""
"Senegal","Area harvested","2014","ha","134973.00",""
"Senegal","Area harvested","2013","ha","108547.00",""
"Senegal","Area harvested","2012","ha","117729.00",""
"Senegal","Area harvested","2011","ha","109177.00",""
"Senegal","Area harvested","2010","ha","147208.00",""
"Senegal","Yield","2018","hg/ha","43806.00","Fc"
"Senegal","Yield","2017","hg/ha","42461.00","Fc"
"Senegal","Yield","2016","hg/ha","39034.00","Fc"
"Senegal","Yield","2015","hg/ha","38194.00","Fc"
"Senegal","Yield","2014","hg/ha","41417.00","Fc"
"Senegal","Yield","2013","hg/ha","40181.00","Fc"
"Senegal","Yield","2012","hg/ha","39892.00","Fc"
"Senegal","Yield","2011","hg/ha","37171.00","Fc"
"Senegal","Yield","2010","hg/ha","41033.00","Fc"
"Senegal","Production","2018","tonnes","762776.00","Im"
"Senegal","Production","2017","tonnes","710794.00","Im"
"Senegal","Production","2016","tonnes","633841.00","Im"
"Senegal","Production","2015","tonnes","906348.00",""
"Senegal","Production","2014","tonnes","559021.00",""
"Senegal","Production","2013","tonnes","436153.00",""
"Senegal","Production","2012","tonnes","469649.00",""
"Senegal","Production","2011","tonnes","405824.00",""
"Senegal","Production","2010","tonnes","604043.00",""
"Sierra Leone","Area harvested","2018","ha","796354.00",""
"Sierra Leone","Area harvested","2017","ha","780642.00",""
"Sierra Leone","Area harvested","2016","ha","765335.00",""
"Sierra Leone","Area harvested","2015","ha","612104.00","Im"
"Sierra Leone","Area harvested","2014","ha","736448.00","Im"
"Sierra Leone","Area harvested","2013","ha","671422.00",""
"Sierra Leone","Area harvested","2012","ha","717872.00",""
"Sierra Leone","Area harvested","2011","ha","603924.00",""
"Sierra Leone","Area harvested","2010","ha","549022.00",""
"Sierra Leone","Yield","2018","hg/ha","11550.00","Fc"
"Sierra Leone","Yield","2017","hg/ha","11492.00","Fc"
"Sierra Leone","Yield","2016","hg/ha","11437.00","Fc"
"Sierra Leone","Yield","2015","hg/ha","14241.00","Fc"
"Sierra Leone","Yield","2014","hg/ha","16349.00","Fc"
"Sierra Leone","Yield","2013","hg/ha","18700.00","Fc"
"Sierra Leone","Yield","2012","hg/ha","15900.00","Fc"
"Sierra Leone","Yield","2011","hg/ha","18700.00","Fc"
"Sierra Leone","Yield","2010","hg/ha","18700.00","Fc"
"Sierra Leone","Production","2018","tonnes","919785.00",""
"Sierra Leone","Production","2017","tonnes","897087.00",""
"Sierra Leone","Production","2016","tonnes","875304.00",""
"Sierra Leone","Production","2015","tonnes","871693.00",""
"Sierra Leone","Production","2014","tonnes","1204020.00",""
"Sierra Leone","Production","2013","tonnes","1255559.00",""
"Sierra Leone","Production","2012","tonnes","1141417.00",""
"Sierra Leone","Production","2011","tonnes","1129338.00",""
"Sierra Leone","Production","2010","tonnes","1026671.00",""
"Somalia","Area harvested","2018","ha","979.00","Im"
"Somalia","Area harvested","2017","ha","303.00","Im"
"Somalia","Area harvested","2016","ha","750.00",""
"Somalia","Area harvested","2015","ha","1400.00",""
"Somalia","Area harvested","2014","ha","300.00",""
"Somalia","Area harvested","2013","ha","1338.00",""
"Somalia","Area harvested","2012","ha","1100.00",""
"Somalia","Area harvested","2011","ha","1200.00",""
"Somalia","Area harvested","2010","ha","1650.00",""
"Somalia","Yield","2018","hg/ha","48691.00","Fc"
"Somalia","Yield","2017","hg/ha","48691.00","Fc"
"Somalia","Yield","2016","hg/ha","18333.00","Fc"
"Somalia","Yield","2015","hg/ha","17500.00","Fc"
"Somalia","Yield","2014","hg/ha","20000.00","Fc"
"Somalia","Yield","2013","hg/ha","14723.00","Fc"
"Somalia","Yield","2012","hg/ha","48691.00","Fc"
"Somalia","Yield","2011","hg/ha","35583.00","Fc"
"Somalia","Yield","2010","hg/ha","52000.00","Fc"
"Somalia","Production","2018","tonnes","4766.00","Im"
"Somalia","Production","2017","tonnes","1475.00","Im"
"Somalia","Production","2016","tonnes","1375.00",""
"Somalia","Production","2015","tonnes","2450.00",""
"Somalia","Production","2014","tonnes","600.00",""
"Somalia","Production","2013","tonnes","1970.00",""
"Somalia","Production","2012","tonnes","5356.00",""
"Somalia","Production","2011","tonnes","4270.00",""
"Somalia","Production","2010","tonnes","8580.00",""
"South Africa","Area harvested","2018","ha","1084.00","Im"
"South Africa","Area harvested","2017","ha","1094.00","Im"
"South Africa","Area harvested","2016","ha","1108.00","Im"
"South Africa","Area harvested","2015","ha","1120.00","Im"
"South Africa","Area harvested","2014","ha","1133.00","Im"
"South Africa","Area harvested","2013","ha","1150.00","F"
"South Africa","Area harvested","2012","ha","1100.00","F"
"South Africa","Area harvested","2011","ha","1173.00","Im"
"South Africa","Area harvested","2010","ha","1184.00","Im"
"South Africa","Yield","2018","hg/ha","27905.00","Fc"
"South Africa","Yield","2017","hg/ha","27712.00","Fc"
"South Africa","Yield","2016","hg/ha","27399.00","Fc"
"South Africa","Yield","2015","hg/ha","27217.00","Fc"
"South Africa","Yield","2014","hg/ha","26734.00","Fc"
"South Africa","Yield","2013","hg/ha","26087.00","Fc"
"South Africa","Yield","2012","hg/ha","27273.00","Fc"
"South Africa","Yield","2011","hg/ha","26141.00","Fc"
"South Africa","Yield","2010","hg/ha","25882.00","Fc"
"South Africa","Production","2018","tonnes","3026.00","Im"
"South Africa","Production","2017","tonnes","3031.00","Im"
"South Africa","Production","2016","tonnes","3036.00","Im"
"South Africa","Production","2015","tonnes","3048.00","Im"
"South Africa","Production","2014","tonnes","3030.00","Im"
"South Africa","Production","2013","tonnes","3000.00","F"
"South Africa","Production","2012","tonnes","3000.00","F"
"South Africa","Production","2011","tonnes","3067.00","Im"
"South Africa","Production","2010","tonnes","3064.00","Im"
"Sudan","Area harvested","2018","ha","8585.00","Im"
"Sudan","Area harvested","2017","ha","9320.00","Im"
"Sudan","Area harvested","2016","ha","7140.00",""
"Sudan","Area harvested","2015","ha","7560.00",""
"Sudan","Area harvested","2014","ha","15618.00",""
"Sudan","Area harvested","2013","ha","7562.00",""
"Sudan","Area harvested","2012","ha","7560.00",""
"Sudan","Yield","2018","hg/ha","34943.00","Fc"
"Sudan","Yield","2017","hg/ha","34334.00","Fc"
"Sudan","Yield","2016","hg/ha","39216.00","Fc"
"Sudan","Yield","2015","hg/ha","42328.00","Fc"
"Sudan","Yield","2014","hg/ha","10821.00","Fc"
"Sudan","Yield","2013","hg/ha","33060.00","Fc"
"Sudan","Yield","2012","hg/ha","31746.00","Fc"
"Sudan","Production","2018","tonnes","30000.00",""
"Sudan","Production","2017","tonnes","32000.00",""
"Sudan","Production","2016","tonnes","28000.00",""
"Sudan","Production","2015","tonnes","32000.00",""
"Sudan","Production","2014","tonnes","16900.00",""
"Sudan","Production","2013","tonnes","25000.00",""
"Sudan","Production","2012","tonnes","24000.00",""
"Sudan (former)","Area harvested","2011","ha","6720.00",""
"Sudan (former)","Area harvested","2010","ha","6400.00",""
"Sudan (former)","Yield","2011","hg/ha","37202.00","Fc"
"Sudan (former)","Yield","2010","hg/ha","36484.00","Fc"
"Sudan (former)","Production","2011","tonnes","25000.00",""
"Sudan (former)","Production","2010","tonnes","23350.00",""
"Togo","Area harvested","2018","ha","86805.00",""
"Togo","Area harvested","2017","ha","84395.00",""
"Togo","Area harvested","2016","ha","82914.00",""
"Togo","Area harvested","2015","ha","81601.00",""
"Togo","Area harvested","2014","ha","83892.00",""
"Togo","Area harvested","2013","ha","92239.00",""
"Togo","Area harvested","2012","ha","96231.00",""
"Togo","Area harvested","2011","ha","44713.00",""
"Togo","Area harvested","2010","ha","47403.00",""
"Togo","Yield","2018","hg/ha","16760.00","Fc"
"Togo","Yield","2017","hg/ha","16650.00","Fc"
"Togo","Yield","2016","hg/ha","16536.00","Fc"
"Togo","Yield","2015","hg/ha","17273.00","Fc"
"Togo","Yield","2014","hg/ha","17633.00","Fc"
"Togo","Yield","2013","hg/ha","28233.00","Fc"
"Togo","Yield","2012","hg/ha","16724.00","Fc"
"Togo","Yield","2011","hg/ha","25101.00","Fc"
"Togo","Yield","2010","hg/ha","23228.00","Fc"
"Togo","Production","2018","tonnes","145489.00",""
"Togo","Production","2017","tonnes","140519.00",""
"Togo","Production","2016","tonnes","137106.00",""
"Togo","Production","2015","tonnes","140952.00",""
"Togo","Production","2014","tonnes","147930.00",""
"Togo","Production","2013","tonnes","260418.00",""
"Togo","Production","2012","tonnes","160939.00",""
"Togo","Production","2011","tonnes","112233.00",""
"Togo","Production","2010","tonnes","110109.00",""
"Uganda","Area harvested","2018","ha","92960.00","Im"
"Uganda","Area harvested","2017","ha","97505.00","Im"
"Uganda","Area harvested","2016","ha","97073.00","Im"
"Uganda","Area harvested","2015","ha","95277.00",""
"Uganda","Area harvested","2014","ha","95000.00",""
"Uganda","Area harvested","2013","ha","93000.00",""
"Uganda","Area harvested","2012","ha","92000.00",""
"Uganda","Area harvested","2011","ha","90000.00",""
"Uganda","Area harvested","2010","ha","87000.00",""
"Uganda","Yield","2018","hg/ha","28054.00","Fc"
"Uganda","Yield","2017","hg/ha","26935.00","Fc"
"Uganda","Yield","2016","hg/ha","25426.00","Fc"
"Uganda","Yield","2015","hg/ha","24876.00","Fc"
"Uganda","Yield","2014","hg/ha","24947.00","Fc"
"Uganda","Yield","2013","hg/ha","23011.00","Fc"
"Uganda","Yield","2012","hg/ha","23043.00","Fc"
"Uganda","Yield","2011","hg/ha","25889.00","Fc"
"Uganda","Yield","2010","hg/ha","25070.00","Fc"
"Uganda","Production","2018","tonnes","260786.00","Im"
"Uganda","Production","2017","tonnes","262631.00","Im"
"Uganda","Production","2016","tonnes","246814.00","Im"
"Uganda","Production","2015","tonnes","237008.00",""
"Uganda","Production","2014","tonnes","237000.00",""
"Uganda","Production","2013","tonnes","214000.00",""
"Uganda","Production","2012","tonnes","212000.00",""
"Uganda","Production","2011","tonnes","233000.00",""
"Uganda","Production","2010","tonnes","218111.00",""
"United Republic of Tanzania","Area harvested","2018","ha","1199875.00","Im"
"United Republic of Tanzania","Area harvested","2017","ha","1165238.00","Im"
"United Republic of Tanzania","Area harvested","2016","ha","1241722.00","Im"
"United Republic of Tanzania","Area harvested","2015","ha","1154467.00",""
"United Republic of Tanzania","Area harvested","2014","ha","957218.00",""
"United Republic of Tanzania","Area harvested","2013","ha","928273.00",""
"United Republic of Tanzania","Area harvested","2012","ha","799361.00",""
"United Republic of Tanzania","Area harvested","2011","ha","1119324.00",""
"United Republic of Tanzania","Area harvested","2010","ha","1136290.00",""
"United Republic of Tanzania","Yield","2018","hg/ha","25142.00","Fc"
"United Republic of Tanzania","Yield","2017","hg/ha","24609.00","Fc"
"United Republic of Tanzania","Yield","2016","hg/ha","24312.00","Fc"
"United Republic of Tanzania","Yield","2015","hg/ha","25812.00","Fc"
"United Republic of Tanzania","Yield","2014","hg/ha","27382.00","Fc"
"United Republic of Tanzania","Yield","2013","hg/ha","23643.00","Fc"
"United Republic of Tanzania","Yield","2012","hg/ha","22525.00","Fc"
"United Republic of Tanzania","Yield","2011","hg/ha","20086.00","Fc"
"United Republic of Tanzania","Yield","2010","hg/ha","23323.00","Fc"
"United Republic of Tanzania","Production","2018","tonnes","3016695.00","Im"
"United Republic of Tanzania","Production","2017","tonnes","2867557.00","Im"
"United Republic of Tanzania","Production","2016","tonnes","3018859.00","Im"
"United Republic of Tanzania","Production","2015","tonnes","2979860.00",""
"United Republic of Tanzania","Production","2014","tonnes","2621034.00",""
"United Republic of Tanzania","Production","2013","tonnes","2194750.00",""
"United Republic of Tanzania","Production","2012","tonnes","1800551.00",""
"United Republic of Tanzania","Production","2011","tonnes","2248320.00",""
"United Republic of Tanzania","Production","2010","tonnes","2650120.00",""
"Zambia","Area harvested","2018","ha","30297.00",""
"Zambia","Area harvested","2017","ha","29575.00",""
"Zambia","Area harvested","2016","ha","22087.00",""
"Zambia","Area harvested","2015","ha","17907.00",""
"Zambia","Area harvested","2014","ha","33207.00",""
"Zambia","Area harvested","2013","ha","38520.00",""
"Zambia","Area harvested","2012","ha","26265.00",""
"Zambia","Area harvested","2011","ha","27490.00",""
"Zambia","Area harvested","2010","ha","30788.00",""
"Zambia","Yield","2018","hg/ha","14214.00","Fc"
"Zambia","Yield","2017","hg/ha","12992.00","Fc"
"Zambia","Yield","2016","hg/ha","12077.00","Fc"
"Zambia","Yield","2015","hg/ha","14248.00","Fc"
"Zambia","Yield","2014","hg/ha","14949.00","Fc"
"Zambia","Yield","2013","hg/ha","11617.00","Fc"
"Zambia","Yield","2012","hg/ha","17255.00","Fc"
"Zambia","Yield","2011","hg/ha","17974.00","Fc"
"Zambia","Yield","2010","hg/ha","16778.00","Fc"
"Zambia","Production","2018","tonnes","43063.00",""
"Zambia","Production","2017","tonnes","38423.00",""
"Zambia","Production","2016","tonnes","26675.00",""
"Zambia","Production","2015","tonnes","25514.00",""
"Zambia","Production","2014","tonnes","49640.00",""
"Zambia","Production","2013","tonnes","44747.00",""
"Zambia","Production","2012","tonnes","45321.00",""
"Zambia","Production","2011","tonnes","49410.00",""
"Zambia","Production","2010","tonnes","51656.00",""
"Zimbabwe","Area harvested","2018","ha","334.00","Im"
"Zimbabwe","Area harvested","2017","ha","329.00","Im"
"Zimbabwe","Area harvested","2016","ha","324.00","Im"
"Zimbabwe","Area harvested","2015","ha","321.00","Im"
"Zimbabwe","Area harvested","2014","ha","308.00","Im"
"Zimbabwe","Area harvested","2013","ha","310.00","F"
"Zimbabwe","Area harvested","2012","ha","310.00","F"
"Zimbabwe","Area harvested","2011","ha","299.00","Im"
"Zimbabwe","Area harvested","2010","ha","292.00","Im"
"Zimbabwe","Yield","2018","hg/ha","22641.00","Fc"
"Zimbabwe","Yield","2017","hg/ha","22656.00","Fc"
"Zimbabwe","Yield","2016","hg/ha","22671.00","Fc"
"Zimbabwe","Yield","2015","hg/ha","22689.00","Fc"
"Zimbabwe","Yield","2014","hg/ha","22663.00","Fc"
"Zimbabwe","Yield","2013","hg/ha","22581.00","Fc"
"Zimbabwe","Yield","2012","hg/ha","22581.00","Fc"
"Zimbabwe","Yield","2011","hg/ha","22702.00","Fc"
"Zimbabwe","Yield","2010","hg/ha","22773.00","Fc"
"Zimbabwe","Production","2018","tonnes","755.00","Im"
"Zimbabwe","Production","2017","tonnes","745.00","Im"
"Zimbabwe","Production","2016","tonnes","735.00","Im"
"Zimbabwe","Production","2015","tonnes","729.00","Im"
"Zimbabwe","Production","2014","tonnes","699.00","Im"
"Zimbabwe","Production","2013","tonnes","700.00","F"
"Zimbabwe","Production","2012","tonnes","700.00","F"
"Zimbabwe","Production","2011","tonnes","678.00","Im"
"Zimbabwe","Production","2010","tonnes","664.00","Im"

"fnSeqID","Footnote"
"*","Unofficial figure"
"F","FAO estimate"
"Fc","Calculated data"
"Im","FAO data based on imputation methodology"
